{"cameraMode":{"drawMode":0,"name":"Shaded","section":"Shading Mode"},"sceneLighting":false,"audioPlay":false,"sceneViewState":{"m_AlwaysRefresh":false,"showFog":true,"showSkybox":false,"showFlares":true,"showImageEffects":true,"showParticleSystems":true,"showVisualEffectGraphs":true,"m_FxEnabled":true},"in2DMode":false,"pivot":{"x":492.4245300292969,"y":269.90350341796877,"z":-0.5311279296875},"rotation":{"x":0.0018090144731104375,"y":-0.0042043328285217289,"z":0.000010968672540911939,"w":1.0000040531158448},"size":245.48841857910157,"orthographic":false}