{"cameraMode":{"drawMode":0,"name":"Shaded","section":"Shading Mode"},"sceneLighting":false,"audioPlay":false,"sceneViewState":{"m_AlwaysRefresh":false,"showFog":true,"showSkybox":false,"showFlares":true,"showImageEffects":true,"showParticleSystems":true,"showVisualEffectGraphs":true,"m_FxEnabled":true},"in2DMode":false,"pivot":{"x":498.2312927246094,"y":204.04730224609376,"z":139.9124755859375},"rotation":{"x":0.06744837760925293,"y":0.004489872604608536,"z":-0.00030379765667021275,"w":0.9977149367332459},"size":175.19757080078126,"orthographic":false}