{"cameraMode":{"drawMode":0,"name":"Shaded","section":"Shading Mode"},"sceneLighting":false,"audioPlay":false,"sceneViewState":{"m_AlwaysRefresh":false,"showFog":true,"showSkybox":false,"showFlares":true,"showImageEffects":true,"showParticleSystems":true,"showVisualEffectGraphs":true,"m_FxEnabled":true},"in2DMode":false,"pivot":{"x":256.7488098144531,"y":72.25483703613281,"z":2013.3240966796875},"rotation":{"x":0.040794700384140018,"y":-0.013192971237003804,"z":0.0005420570960268378,"w":0.9990952610969544},"size":1229.9847412109375,"orthographic":false}